USE [Prototipo_1]
GO
SET IDENTITY_INSERT [dbo].[ApplicationUsers] ON 

GO
INSERT [dbo].[ApplicationUsers] ([Id], [NombreUsuario], [Contraseña], [Token], [FechaInicioSesion], [Nombre], [Estado]) VALUES (1, N'A', N'6dcd4ce23d88e2ee9568ba546c007c63d9131c1b', NULL, NULL, N'Usuario1', 0)
GO
INSERT [dbo].[ApplicationUsers] ([Id], [NombreUsuario], [Contraseña], [Token], [FechaInicioSesion], [Nombre], [Estado]) VALUES (2, N'B', N'B', NULL, NULL, N'Usuario2', 0)
GO
SET IDENTITY_INSERT [dbo].[ApplicationUsers] OFF
GO
SET IDENTITY_INSERT [dbo].[Categorias] ON 

GO
INSERT [dbo].[Categorias] ([Id], [Codigo], [Clave], [Prioridad], [Activo]) VALUES (1, N'cod1', N'Categoria de prueba 1', 2, 1)
GO
INSERT [dbo].[Categorias] ([Id], [Codigo], [Clave], [Prioridad], [Activo]) VALUES (2, N'cod2', N'Categoria de prueba 2', 1, 1)
GO
INSERT [dbo].[Categorias] ([Id], [Codigo], [Clave], [Prioridad], [Activo]) VALUES (3, N'cod3', N'Categoria de prueba 3', 0, 1)
GO
SET IDENTITY_INSERT [dbo].[Categorias] OFF
GO
SET IDENTITY_INSERT [dbo].[Unidades_Ejecutoras] ON 

GO
INSERT [dbo].[Unidades_Ejecutoras] ([Id], [Nombre]) VALUES (1, N'ue1')
GO
INSERT [dbo].[Unidades_Ejecutoras] ([Id], [Nombre]) VALUES (2, N'ue2')
GO
INSERT [dbo].[Unidades_Ejecutoras] ([Id], [Nombre]) VALUES (3, N'ue3')
GO
SET IDENTITY_INSERT [dbo].[Unidades_Ejecutoras] OFF
GO
SET IDENTITY_INSERT [dbo].[Zonas] ON 

GO
INSERT [dbo].[Zonas] ([Id], [Nombre], [Unidad_Ejecutora_Id], [ApplicationUser_Id]) VALUES (1, N'zona1', 1, NULL)
GO
INSERT [dbo].[Zonas] ([Id], [Nombre], [Unidad_Ejecutora_Id], [ApplicationUser_Id]) VALUES (2, N'zona2', 1, NULL)
GO
INSERT [dbo].[Zonas] ([Id], [Nombre], [Unidad_Ejecutora_Id], [ApplicationUser_Id]) VALUES (3, N'zona3', 2, NULL)
GO
INSERT [dbo].[Zonas] ([Id], [Nombre], [Unidad_Ejecutora_Id], [ApplicationUser_Id]) VALUES (4, N'zona4', 3, NULL)
GO
SET IDENTITY_INSERT [dbo].[Zonas] OFF
GO
SET IDENTITY_INSERT [dbo].[Sectores] ON 

GO
INSERT [dbo].[Sectores] ([Id], [Nombre], [Zona_Id]) VALUES (1, N'sector1', 1)
GO
INSERT [dbo].[Sectores] ([Id], [Nombre], [Zona_Id]) VALUES (2, N'sector1', 2)
GO
INSERT [dbo].[Sectores] ([Id], [Nombre], [Zona_Id]) VALUES (3, N'sector1', 3)
GO
INSERT [dbo].[Sectores] ([Id], [Nombre], [Zona_Id]) VALUES (4, N'sector1', 4)
GO
SET IDENTITY_INSERT [dbo].[Sectores] OFF
GO
SET IDENTITY_INSERT [dbo].[Evento] ON 

GO
INSERT [dbo].[Evento] ([Id], [NombreInformante], [TelefonoEvento], [Estado], [TimeStamp], [FechaCreacion], [Calle], [Esquina], [Numero], [Latitud], [Longitud], [Descripcion], [EnProceso], [Categoria_Id], [Departamento_Id], [Sector_Id], [Usuario_Id]) VALUES (1, NULL, NULL, 1, CAST(N'2016-10-02 22:36:27.567' AS DateTime), CAST(N'2016-10-02 22:36:27.567' AS DateTime), NULL, NULL, NULL, 0, 0, N'Lorem Ipsum es simplemente el texto de relleno de las imprentas y archivos de texto. Lorem Ipsum ha sido el texto de relleno estándar de las industrias desde el año 1500, cuando un impresor (N. del T. persona que se dedica a la imprenta) desconocido usó una galería de textos y los mezcló de tal manera que logró hacer un libro de textos especimen. No sólo sobrevivió 500 años, sino que tambien ingresó como texto de relleno en documentos electrónicos, quedando esencialmente igual al original. Fue popularizado en los 60s con la creación de las hojas las cuales contenian pasajes de Lorem Ipsum, y más recientemente con software de autoedición, como por ejemplo Aldus PageMaker, el cual incluye versiones de Lorem Ipsum.', 1, 1, NULL, 1, 1)
GO
INSERT [dbo].[Evento] ([Id], [NombreInformante], [TelefonoEvento], [Estado], [TimeStamp], [FechaCreacion], [Calle], [Esquina], [Numero], [Latitud], [Longitud], [Descripcion], [EnProceso], [Categoria_Id], [Departamento_Id], [Sector_Id], [Usuario_Id]) VALUES (2, NULL, NULL, 1, CAST(N'2016-10-02 22:36:27.603' AS DateTime), CAST(N'2016-10-02 22:36:27.603' AS DateTime), NULL, NULL, NULL, 0, 0, NULL, 1, 2, NULL, 2, 1)
GO
INSERT [dbo].[Evento] ([Id], [NombreInformante], [TelefonoEvento], [Estado], [TimeStamp], [FechaCreacion], [Calle], [Esquina], [Numero], [Latitud], [Longitud], [Descripcion], [EnProceso], [Categoria_Id], [Departamento_Id], [Sector_Id], [Usuario_Id]) VALUES (3, NULL, NULL, 1, CAST(N'2016-10-02 22:36:27.603' AS DateTime), CAST(N'2016-10-02 22:36:27.603' AS DateTime), NULL, NULL, NULL, 0, 0, NULL, 1, 3, NULL, 3, 1)
GO
SET IDENTITY_INSERT [dbo].[Evento] OFF
GO
SET IDENTITY_INSERT [dbo].[Extensiones_Evento] ON 

GO
INSERT [dbo].[Extensiones_Evento] ([Id], [DescripcionDespachador], [IdSupervisor], [DescripcionSupervisor], [Estado], [TimeStamp], [Despachador_Id], [SegundaCategoria_Id], [Evento_Id], [Zona_Id]) VALUES (1, N'Lorem Ipsum es simplemente el texto de relleno de las imprentas y archivos de texto. Lorem Ipsum ha sido el texto de relleno estándar de las industrias desde el año 1500, cuando un impresor (N. del T. persona que se dedica a la imprenta) desconocido usó una galería de textos y los mezcló de tal manera que logró hacer un libro de textos especimen. No sólo sobrevivió 500 años, sino que tambien ingresó como texto de relleno en documentos electrónicos, quedando esencialmente igual al original. Fue popularizado en los 60s con la creación de las hojas las cuales contenian pasajes de Lorem Ipsum, y más recientemente con software de autoedición, como por ejemplo Aldus PageMaker, el cual incluye versiones de Lorem Ipsum.', 0, NULL, 0, CAST(N'2016-10-02 22:36:27.590' AS DateTime), NULL, NULL, 1, 1)
GO
INSERT [dbo].[Extensiones_Evento] ([Id], [DescripcionDespachador], [IdSupervisor], [DescripcionSupervisor], [Estado], [TimeStamp], [Despachador_Id], [SegundaCategoria_Id], [Evento_Id], [Zona_Id]) VALUES (2, N'Lorem Ipsum es simplemente el texto de relleno de las imprentas y archivos de texto. Lorem Ipsum ha sido el texto de relleno estándar de las industrias desde el año 1500, cuando un impresor (N. del T. persona que se dedica a la imprenta) desconocido usó una galería de textos y los mezcló de tal manera que logró hacer un libro de textos especimen. No sólo sobrevivió 500 años, sino que tambien ingresó como texto de relleno en documentos electrónicos, quedando esencialmente igual al original. Fue popularizado en los 60s con la creación de las hojas las cuales contenian pasajes de Lorem Ipsum, y más recientemente con software de autoedición, como por ejemplo Aldus PageMaker, el cual incluye versiones de Lorem Ipsum.', 0, NULL, 0, CAST(N'2016-10-02 22:36:27.603' AS DateTime), NULL, NULL, 2, 2)
GO
INSERT [dbo].[Extensiones_Evento] ([Id], [DescripcionDespachador], [IdSupervisor], [DescripcionSupervisor], [Estado], [TimeStamp], [Despachador_Id], [SegundaCategoria_Id], [Evento_Id], [Zona_Id]) VALUES (3, N'Lorem Ipsum es simplemente el texto de relleno de las imprentas y archivos de texto. Lorem Ipsum ha sido el texto de relleno estándar de las industrias desde el año 1500, cuando un impresor (N. del T. persona que se dedica a la imprenta) desconocido usó una galería de textos y los mezcló de tal manera que logró hacer un libro de textos especimen. No sólo sobrevivió 500 años, sino que tambien ingresó como texto de relleno en documentos electrónicos, quedando esencialmente igual al original. Fue popularizado en los 60s con la creación de las hojas las cuales contenian pasajes de Lorem Ipsum, y más recientemente con software de autoedición, como por ejemplo Aldus PageMaker, el cual incluye versiones de Lorem Ipsum.', 0, NULL, 0, CAST(N'2016-10-02 22:36:27.603' AS DateTime), NULL, NULL, 2, 3)
GO
INSERT [dbo].[Extensiones_Evento] ([Id], [DescripcionDespachador], [IdSupervisor], [DescripcionSupervisor], [Estado], [TimeStamp], [Despachador_Id], [SegundaCategoria_Id], [Evento_Id], [Zona_Id]) VALUES (4, N'Lorem Ipsum es simplemente el texto de relleno de las imprentas y archivos de texto. Lorem Ipsum ha sido el texto de relleno estándar de las industrias desde el año 1500, cuando un impresor (N. del T. persona que se dedica a la imprenta) desconocido usó una galería de textos y los mezcló de tal manera que logró hacer un libro de textos especimen. No sólo sobrevivió 500 años, sino que tambien ingresó como texto de relleno en documentos electrónicos, quedando esencialmente igual al original. Fue popularizado en los 60s con la creación de las hojas las cuales contenian pasajes de Lorem Ipsum, y más recientemente con software de autoedición, como por ejemplo Aldus PageMaker, el cual incluye versiones de Lorem Ipsum.', 0, NULL, 0, CAST(N'2016-10-02 22:36:27.603' AS DateTime), NULL, NULL, 3, 4)
GO
SET IDENTITY_INSERT [dbo].[Extensiones_Evento] OFF
GO
SET IDENTITY_INSERT [dbo].[Recursos] ON 

GO
INSERT [dbo].[Recursos] ([Id], [Codigo], [Estado], [EstadoAsignacion], [Usuario_Id]) VALUES (1, N'recurso1', 0, 0, NULL)
GO
INSERT [dbo].[Recursos] ([Id], [Codigo], [Estado], [EstadoAsignacion], [Usuario_Id]) VALUES (2, N'recurso2', 0, 0, NULL)
GO
INSERT [dbo].[Recursos] ([Id], [Codigo], [Estado], [EstadoAsignacion], [Usuario_Id]) VALUES (3, N'recurso3', 0, 0, NULL)
GO
SET IDENTITY_INSERT [dbo].[Recursos] OFF
GO
SET IDENTITY_INSERT [dbo].[Permisos] ON 

GO
INSERT [dbo].[Permisos] ([Id], [Clave], [Descripcion]) VALUES (1, N'listarEventos', N'Permite al usuario ver los eventos de sus zonas actuales/recurso')
GO
SET IDENTITY_INSERT [dbo].[Permisos] OFF
GO
SET IDENTITY_INSERT [dbo].[ApplicationRoles] ON 

GO
INSERT [dbo].[ApplicationRoles] ([Id], [Nombre]) VALUES (1, N'Admin')
GO
SET IDENTITY_INSERT [dbo].[ApplicationRoles] OFF
GO
INSERT [dbo].[PermisoApplicationRoles] ([Permiso_Id], [ApplicationRole_Id]) VALUES (1, 1)
GO
INSERT [dbo].[ApplicationUserApplicationRoles] ([ApplicationUser_Id], [ApplicationRole_Id]) VALUES (1, 1)
GO
INSERT [dbo].[ApplicationUserApplicationRoles] ([ApplicationUser_Id], [ApplicationRole_Id]) VALUES (2, 1)
GO
INSERT [dbo].[Unidad_EjecutoraApplicationUser] ([Unidad_Ejecutora_Id], [ApplicationUser_Id]) VALUES (1, 1)
GO
INSERT [dbo].[Unidad_EjecutoraApplicationUser] ([Unidad_Ejecutora_Id], [ApplicationUser_Id]) VALUES (2, 1)
GO
INSERT [dbo].[Unidad_EjecutoraApplicationUser] ([Unidad_Ejecutora_Id], [ApplicationUser_Id]) VALUES (3, 1)
GO
INSERT [dbo].[Unidad_EjecutoraApplicationUser] ([Unidad_Ejecutora_Id], [ApplicationUser_Id]) VALUES (2, 2)
GO
INSERT [dbo].[RecursoExtension_Evento] ([Recurso_Id], [Extension_Evento_Id]) VALUES (1, 1)
GO
SET IDENTITY_INSERT [dbo].[Grupos_Recursos] ON 

GO
INSERT [dbo].[Grupos_Recursos] ([Id], [Nombre]) VALUES (1, N'gr1')
GO
INSERT [dbo].[Grupos_Recursos] ([Id], [Nombre]) VALUES (2, N'gr2')
GO
SET IDENTITY_INSERT [dbo].[Grupos_Recursos] OFF
GO
INSERT [dbo].[Grupo_RecursoRecurso] ([Grupo_Recurso_Id], [Recurso_Id]) VALUES (1, 1)
GO
INSERT [dbo].[Grupo_RecursoRecurso] ([Grupo_Recurso_Id], [Recurso_Id]) VALUES (2, 2)
GO
INSERT [dbo].[Grupo_RecursoApplicationUser] ([Grupo_Recurso_Id], [ApplicationUser_Id]) VALUES (1, 1)
GO
INSERT [dbo].[Grupo_RecursoApplicationUser] ([Grupo_Recurso_Id], [ApplicationUser_Id]) VALUES (2, 1)
GO
INSERT [dbo].[Grupo_RecursoApplicationUser] ([Grupo_Recurso_Id], [ApplicationUser_Id]) VALUES (2, 2)
GO
INSERT [dbo].[__MigrationHistory] ([MigrationId], [ContextKey], [Model], [ProductVersion]) VALUES (N'201610030136269_AutomaticMigration', N'Emsys.DataAccesLayer.Core.Configuration', 0x1F8B0800000000000400ED3DDB6EE4BA91EF0BEC3F34FA69373871DB73902019D809E6B43D0746E6628CE71C04FB3290BBE91E65D55247521B3682FDA87DDE877DC807ED2F2C75E7A54816294AADB68D7918B74816C9AA62B158552CFEDFFFFCEFF99F1FB7D1EC81A45998C417F3B393D3F98CC4AB641DC69B8BF93EBFFFED1FE67FFED3BFFECBF9D57AFB38FBB5A9F763518FB68CB38BF9F73CDFBD5D2CB2D577B20DB2936DB84A932CB9CF4F56C97611AC93C59BD3D33F2ECECE168482985358B3D9F9977D9C875B52FEA03F9749BC22BB7C1F441F933589B2FA3B2DB92DA1CE3E055B92ED8215B9985F6DB3A7ECE432C88377AB15C93E044F243D59262999CFDE45614007744BA2FBF92C88E3240F723ADCB7BF64E4364F937873BBA31F82E8EBD38ED07AF74194917A1A6FBBEAD8199DBE2966B4E81A36A056FB2C4FB69600CF7EAC51B4109B3B217ADEA29022F18A223B7F2A665D22F262FE6EB78BC25509FD4B12511C887DBE5D4669515F81EE924A2702941F66CB60476B912C4B68FD24FBA1E517CA56C53F5A631FE5FB945CC4649FA741F4C3EC667F4761FC853C7D4DFE93C417F13E8AD8A1D3C1D332EE03FD7493263B92E64F5FC87D3DA1EBF57CB6E0DB2DC4866D33A64D35C7EB38FFF1CD7CF689761EDC45A4E50C061FB739E5B09F494CD22027EB9B20CF491A173048895BA977A1AF4FC9F6AEE0D0AA3FCA8C7479CD671F83C70F24DEE4DF2FE6BFA3EBE97DF848D6CD877A08BFC4215D8CB44D9EEE093044A1DB4FC143B829472C0CE086A4DB304BB2F9EC0B89CA0AD9F77057AD9593BAF05B41455AE37D9A6C8B3FDB5655C1B7AF41BA21399D440295DE26FB746531A25FB27D90868A1131AC45176FFA4D60356E90A6BAD2B88D0DA0A99C2FBA55A45D5B35561CD754DDFA752DA9FB5A46C1C3084B49E8F59264AB34DCAD4A81ACECFB0CD9397691D4CCEEBE661B5686D76CB3329C185D5846FD379102CA2BE3ABFBAA36915A6E6A9890FEE9C284E2324B628ADD8CFCF3BF83C1FB2AE936782FEFC9EA7B704D5B84C92DC998854C198D7CA5EA68EF5DFC8DD3EA177AB9CA72AACCB5BD148BBDF9E4BCFDCBFBE7D09BAE2878D0BB34764A97E581E07B101788016673F59893B8A0F2B7AB07BABE926F4D837592B233D1D59354076D655B0DA802912D53429BC324A97B69D73C336CAE441E285F6C3BB49FD3FD2EC9BE7D21AB7DAAD21ACB3A4D956F9D3AD78D11AE218D5551CD76CC1F920D8EAFAB8A6A5E2ECA8DFC5B56B2E5D97A8EE02885F9B303148A24048AE5D6AA781CAE83355D83577FA390E82615C088ACEA75B540A22B2B49C356D7B49DC07F24B162C822D9EA9A6AE297158CD4AF6AF5529F4451E2A83F89605E1528755F8C0ECF6D0603EB1DD7EBDB3DFDFD40F5EED43459F4046490838D5FA990B4BC673D9142DBBACD83ED4E56C19C751C8EA4432904A26040690F760A016EF04D5DCDB8EBFF8C43AEFF73DCCC60B9DB6C496D67C5EE52E93BD0CE065453EE72505DDB0DE3966CF6F13A5852AEDB2469188073684B812ED949E8EA49B3D05676D9F770EC52D5D4304B51C1CC2A65AD7EDB5EAFCDEE758B431D51AFE3FB24A5C8CDF587551FA7D5AF2422F7499C34743DD85E54F73FDE460459178AB31C6B227486B60CA248473C4743A384CDBFEFC35867DFF1D3CFA7FD96A43AE638F3D1CB07BA82F27DBBD82E13BAE4ED31FF2189371EC0E0ECC59E1645B12F5071D862F8A7848AEF00A196297716FDCE58EF064C25C930D1ED73D2A62256B0B7FCEC8294AE59A5B2C45680B40EA85CDAA8C14AD6269E6E8F1F46B9331AA81C358BCF69B821DDD114183457031831542E0D17AC64AFCCAD7295CE5F43AC6B485C5A15A858B42EB5E5CFD682D3C7A0A71892680272D2C19875EBA486B5ED5F3531755FCB641D6E3CEC79B68A83C13B8ADDD02DBBBDA14C9916E63C4E35ABB451A6CC12EABB551E3E78DCD5DABDA0EF9EA630B7CB9B9EC346A113BA5E8EA4A268419D5F9D040DBF533BC91A16C4ABB851F775F00823DDDA7252C84436D56A6D4EEC2928394EFCC9C1787E0C6AB26C57D3EF07E56BB84B78383D4E4A133044FB569AC585A0D5AC9D1642A31F3BAD80AAF1F363FD17229B91472485C6231CA07A1BAE2B337409940F38E10AA4D1F0A5BDE237ABA139AD84A2E9EB3AE8B10EB02669F7858053B31DDD2746630CE764B1336F2862B690EB45DC42E0D564172FD2056EA84726D7144628C5808023956AF5DAEDE44139AD7611CCEBCA9FF2CAD75E37E819D824F2AC3904AA7F6093E3F202374EE522745A5E6D909BD3AAAA5BBF2E26755F46CBE2EF0731F1295DAF2DC19D00BECBC24DCC394D19D05D21BA138BBD7FB0D015512060C25C860BCDEDAAAA42739B1A86D0DCB69AE35DAFBE71AF2AB47A718A705375145E1C8C5711A6EEEBE027E261968FC8A08655E64577710EC3D70F56ABB2A017D58764E3B89468CBD705A4EECBDF2DB083054C7D2DAE22C641D45F0AE8FBA1FCB48F7498F2134A45C9C6BA3F07EA265C0B1DB999DCE972D3072679192CAFA8BA8DF42ABB4AD32EC81DED03966286F222A22EF31C8BA51684FB2D1BF45AABCED7D9FB28D874A927DC82604B60DE84239DDE9AA4D11345074B271E9B1FC9F68EA48257FED720DAD39FA712EEB9DAD7547FE7EA9FC928AC9065442073DFC023265BA80744E9FB20CA83E6EA408A456D77D740855CB1C592A4295BFD8D3B2D6AEBA94F42F8F5A1DA53A1BA8989C5FE55FC106A508FC2A51420E3059D02D4438A0ACAD6587C7E24EB30C032F24FC1DF020F5CDC1EF73CB2B1EFE39F3DD62FC36C97C46119B68CC3FDA70468E32EA801B38D47044BD00F88EA0F61798EC561F9F3AED0F6ADF7C277745AABB0C452136DC725FFE07BBC8AD7336D2690CEC6D6A6AAF948911316375CA92A7331FF8D340B15CCD65CD4C194524B69619F2F98C9E9E76CCC4EA01A323E5501388B2AB7091E43F8744423204D7BE7513503DC0548C6542BDD64C6630B977D014D98D393136949A191A50DAE544D001769D94D80892F350D1DDF0F80284BA2D8F0941828ABA4ADF22608334C7B8E51C6E222907CC60F9602FE1C5F9288E464569C6A8A5C7DCB205B056BF9404945F3DA0D6160F4A36A7AFA50C86E8A7C68AD152BE9AFBF58D2C6020F60F09B6A90FA48B86E90420CA71522F457544C8890217F21F7242DEC7741B44CE28CEA19619CCBB6C6305E85BB20420C42688BB4541644697B114B28F1495C1819117876EFBEED455843260C5970131FF9A222B1220CA6A36D15D963C5368A50B40E66134BE76BE1A8C313544344C42A74C395A308F0D21891EDC555ABB2E505691A5AFAA9038FF4BCA1438621E4028FF1836C537C20A861FB152FCE79D8D1C54053D37A3A24921AF78B614A92E3DA039AA42450E328C7AA3BAA68C55EBD857B3D3FD8EFE207E0225D88896AA6A878936EB6ADE1058F4B543296314E180AFFBB6ADC26677C376421C6038F1A53B88C2DDE9D9161DCF94DCE7EEFC838C8862F060D99585A23887B2C94A988E2524F414B483ED3CF4062988F87D7AB540711C1605248AC4D8FCF10D983EAE65E001C964135439955AB8863EC10856C894361824FB768A7A12B715179EE8B34C7F410DA79F50AEF43F1913CE68097820EA7765464753C80388702E82DC965F4D63974BB800195F157420B0FF2A64DE52F816A0DFA061005520D43A9A86680035DA79180CA72C504550909D7BEB5FE4153644C830630AC990C82C45BE00CC038330B044DB06319C075377E2440CD61C900A1BE592035AF5694897FA084B11228F9946B00DB455A4AB0DA5DDA00428A8E9620096A8F015E952B5802528A60A1292366A4C5DAA4E967EA8079FCC58DD0E4CC6B87CB8A05C91C6772DF3150647925EEB8FC34112830A71597B162E7EC7373F731B3AEE5A1067168AFDEB0B8D4E73095F188F7FFD97B00999942FB80069928A79F893C0ED8D3674F91B1877708DABB0499E9B1FB95066B280FA015515C1850CA9203309DD641887311B2F3403094CA2788C2B2031AE08426322ACCAE3FBCF38F998BA09A6830A3F5F51991EC801938C3858C19B33310EF0E64E621EA591AD468BD7F43A046B8AB2DE344E3D24238B59821D7CA9D66F2B00F8B01D18DB3F7BC35B76B651C207D5D96DE2E76338174570DA6CC1EAE01762AC5ED5E05CBE83D5F16BE2F7B16527ABBEC30EEBE1335C71DE53604F9B3101E2DA70D4870610DB39C0417947AE6A07114E3A6729ABB680C1D605528F3A422145FE30E63725879547747D86BB497986574A11D52D62E296672DDA15C832C8C136A68255775FF53C61BC65365E3AB6266265932344833B8A71034E88D25DD9E8E7161D938B1BC60698C6D5CBADBAE5E796661ADF265B9AEB04308ECCABA8810D7B24BCBC2A9E55154737E2C937AE4C13856D91BCD0631D95D857758F5327C714E2906523570EFF8A8F16C4608E0B7B2F05CF54209EF9DEAC124CD6DD2D627D5969D2FAA87D0EB0FE70BC58BE9E71F83DD2E8C37CC0BEAF597D96DF57CFAF2B7B7F60F8A6F2B188B158761D183D6F654A8F81B229496D781C9FB30CDF2E26ECF5D50DC025AAEB75235CE03A7B0CE375D299C6C32ED1AFB7DD3B0F89B71F841EFC94B8E39016A87DBF774BA8585A59C39515B806508B3E285FB200A522095C03289F6DB581D65AB6EDD64D7602134DF6428E70B611A22F61612FA24273C4F1614D15A7F851F6235AE4F7B22295B0E439C3A413B0BA0FE8487C13D2EC242E20A2643EA4AA47A5F94A58BBAD7A284210CB9285B4D505E9B6D91052FB16F34731CC516E0E1D5EF30B390EA4F7818C02BCB2C3CA07828C1A682D2646360A134DF26B366501E279705248563D8AF203388619690EAFD4E8504E4EAE07BE19FEBE447CB96388D5B055A516528A6560A802EBB0F2704BACFD359205E1785F352187501C8AFFBC992902DB520BCF08C1F477DA1EC189852BB3B75AFF4493B535764B10B576FF571FB6FF5C90653F54B7C3CAAEA8F161C52BFB4C7F145FD0D0FA57D498F05D37EB480D3BEA5C7016ABF0EAFF12AF1DD3D99C761BCFB3C1941C7042EF81176CAC00C84BCD3B41DE8B854E710E3B5DBEADBB8872E264B0F0B87F98C87D5A4D0620135DF26C3787C94891FDEE38266EDD94FDFFC055B5384B8173FC4E26392EDA965683F0CB9BA37897818CD571BBDA37B9788573CBAEFCF52B5D68420B9B0111C8181E01F55C317BCCE556E0E17BA403E360455E0662F9826507C931F0A9902BB10D4328378C194D3046CB890ABB954624F2565CB292BD57E4EF7F22B10323CB67432CC23869EF8E121FE7A923D2719DABFE0C5AE089970215271FDCB9E3460AB610802BA991C1C4C3E4D6F5DBE77DEB8D87CC5436A32BAB3709A6F3626A05C3ECDB71FF1709894EC2C24E6B38D5D401681CDB7F1C57B9D799D97C7F5471BD35D937A9DB7DB355FC717107C000E1896D05CD8B4083D689A28E20B0CB120457C91687082AE7CCAC842898F06169CAE8DE9DB7658CA4C75A8610948B11C9E184A654D6CF3D554879004008A2104C19E35B0975CFB93A504EF816BB017688F9391F4F7725DDCF23C045B0F3C4000CCA55B47E4B3903CB00AE6F6B1E348AD47B74CE27558A64BB9CE8A2747DAFCE5F8F9F7662EFDB5652B8F0F08C1037361AE3C3B92EC966CF6F13AE87AF0C06198ABD493E2300412FACB30E96A373E72826D850B9180D6BDE216B72325BC728CEAA2FA285CD29BB4F075755B7F5DD7D299C4BA0BEECE9B0F03D203A57537E62725130C13EFCD34C27575AC47816982F3E70034002FB83B22BF84E5812FC01BF3936208C54C7B3382E6FEBE8B1383696E72561842B5012A19530138524C82EB81A38C99050E727AF32337E4DC0568F92137C57820552B5695A060427CA0CDC9701C0A86908CC142716C9AF4D51AF9D40BCE678D12883F7D914F2A7154B4E45E984512B36DD3979AC2DD64D7C55A43F1474FE1EEF5A4B67FF56CFD9BB76C8C0FCAC64318B5BC9CE16B204398B2BC9844461608DA5C221671113000452884033320D2913822BC81EC812310F94D5CB956E4B591D9449535C53AEA8169AB8D6E5004390048D7675D71C4370FD4036BE8B3B88CCABA9E99C1EEC0A86AAB6506FBA3A23EC9CC3499E2799C10A5B438369B8852C7C48B0345069CC36B998A143F2F56CDACD20539299955D321544C3625D0816D92DA3448C7A15C8AA2A8CA23E4127651B54404DD21A213D87C490791B1F8514ED1126D9EBB77BEA9732DB9304EDDD4D1CA08429B3EEF7049AB9E1DF34899B4C42A6D8861FDA5FDDD66D2AAB35871E9B54AC414C9B24A846475462D31AD5555653EA3587808D7454AABDBA72C27DB92194F6EFF1E2DA3904AEBAEC2C7200EEF4996572FD1CFDF9C9EBD99CFDE45619055C9CEEA845D6FC5D7685019BCCE7E2C327891F5762136B7CF035640C9B2750464012B169ECC6A7238DBF95F88C4160DBBE85E953D5F880DCF01EEAC9EE8080BE496CBF96742691FE4647D13E43949E3A21629C73B9F150C18DC1509DD6A265C68C137F1EC5517F14390AEBE07C5C346C1E307126FF2EF17F3DF9D1AA0B281AB5A14DE4039A98E1675F555EB3E9893817217FF35A0CF78D8E59B4D6E44D11E318F963842F2291E93FFB60D1EFF5D8F3E80DC6CF2290FF0EA14541E2001C9A72AA86B8ACB3CDC125B8008A1F0C6C07E32D0E60E1543743F52457FFA395A0E56A57CF2C0307CC6272C41B4439401F61AA12DB300CBABBBCCA35E0CD8597271B0CC98A487F4AEE33579BC98FFA36CFA7676FDD76F7CEB1F669F53AA1ABD9D9DCEFECB162760B4A4DD6000107D46C458E4EDC6D13654F58E224C6B6FB0EBBC6E66D1355E143D27012427DED2EE07D61B829880EB99890D21F1564F6875EAAD3E1A2184AE3A13975FB04D662E1D546BA06D9EAE0AEA7D9404F6D4ED7274F581A2D1D1DDB8B64BCF5541BB0BED07D5675BC0EC0748CC08C1BBB67B25D7BCDF66D9C63CD96E9175C35E8860DD0976FD772DF1D347EF4F8A3C6747BB4535D77FD192C6D3C1FECCE164CF645473DF9E9A6C6A583981E60C750AB2A3658E514D5B9AA460A32110215D7A8AB52EDF581F0DABCB3366D83C07D5D8D0A485EE77BCE84531D649ACC746277BB99E33C584C3174E438142FE2D551519442FE902B9C8EC4624431880B7F4B9C75E369FA1910886351D2DEE107AE8EFED97687F6B869C67CC1DD6448F349ACC6047CB4EA36AAE5228D1D1A20DEBED1BD910D8E50243D31363E168528379057AD524F7F20A95491AD6E7E86B748ADB8F8C17DC6E22B64E1DE66EBAEB92867930261E89127583481F86134437BA1C607275734A25B31C63BBB4C36DD7D297A6DC4EC299C8358421FC613619C170D446C5100E43F53157D6B3E202ABFC073836C05D5877611F331FBCF093B387539F8F881DED6524B93AE21AA199F26C9F76E8ED5AF6A233380BCBD00B19C41094365F69C4911971F3CC8637CC34963BB4C3AFD8BE17BD47663837EA7A10E74E54F621CB2745ED894A71E65682A0FFAA93B232EF8A3741DFF554CA67CEDB6F1FF7511E1663A6FD5ECCCFA48B299FE34B12919CCC0AC7677135601964AB602DA3B2B89F611881A87D020392AAF0E3FB8DD42DE5469216E68A205A267196A74128E775BE49C37815EE8248C088500F69662926DB42144B2EC98EC485FD443F754CCFDA73D5A2ED4820830921DC25171B2E83EEF4C0AFD74BC43550F585709D0B0F1C8EFB70998F47E042A79CD4306396BBA38231ABB25118D37028D70C70744655BC85EE9D51ED3297BB1B2626C1B04727498F8861C792AC7E19F6B012569B237E00B17A7A72722611BE832C192758D072E1731181A61C12609FE614F923F08F360DBC8ACA423EF09ABCCCD7A3E319DDFBC7D3E01664CEFB31448E98DEDD139B0CB401424CF57C5809CF4013E01C3073BC8A6E5C50354B3DBEC04ED48CCC0B86A7AD0FC90E881CF923700417F96DDA76D0D4D3B1001F6BCEC2124A108CE5C4131634EAC90DA6B7BAB11D8EC007FC2B012ADA75B9BF6A92551FAC44009B8FBA86D27C1A4404285E54F64E6CE58BDA724F9A54632390DA2E1D3F4339387F7C4D43B97014E5C2E49DD70DD170D2F2C47F88F7A2BDF3A2E59B0DE0109059F50FCAB07863D044AC97D367D7031CDE7D70EB640C98F07319C72452519BFC110B47B442301D09C8BFCBD15BB37A26077D0B8D6BBC639DF6B992F158A5B94D30C0D638B123FE21ACCD7876D027A23E847FC2DF197F1821320163F4781602274BB4F629891158CAF64D0F86BA4D2C254BD4F6DB28FCA50AE205463412B72972E40FC16EC8775CC0AEF5EF271C98ED0C07C15E42E5C530A2135B1C9023918FEB8CC09A166FD9301CC05FFE65E92E948CC28F60CCBB72508AB179E244CDB5E861D810F38611D82FE66D99C331A0412C1E7E379E12D31D03BB4D8CD1B09E83094B3ADD41585FF1194A3E97B3F42425E0F17A08A6CC9C0730B5F466CFC93806C4B7D2C6B7CC596CF7C7CB3036A2737AC63920F39BA563E6199BE5C68AE4703A8C1E36A6037C776D7C0953646362A195BF9F8B64015EAD9BF68E03BFA9363E578CE9503E005FA0C5D28118E38A7F75ADCB1DC5BF90263146FDE81E7CE1663EBB6AAF5BABAE57556FAE5DCCD777C57651DDDC16EF73016CC3F7DB5EB696FA6B4BA07EEA42337C89B575F3AA6A18E6555432F72BEF9952C77215A867E0DA88B16F658FBA7E70B099DB051278A60CEAA12D36638F0F41973AE28BA1BED81AE6EE84C864A93FA11CEA90AB62EEB109DC90BA6A0AA03EDAF85D13F44A004BB0EBF77901C8F5739C06B072C092D4855C05EAAEAA55307453CFDC797B9291FA6C4BA0AEBA77ED0DF0054B95D48B500EF55556C9BEA1BB2CD527A9A3F22B04BE7A6C17274FCDE25C5551236DAD85BBE9C2AB4916DB6E39401B7BAE36EF18C6166A9ED734C2F13F625F51D6D4AC0FB9B2CD7241AE1AF3E2916ADA8CC24C387D75E3A84C24E35FC8D5A5A3993155F9F5A8495BC329DD82DE54BE9EDC7E93B44E73E20F198C54453427F0D3B546456DBA35A2027E2F59971380998B611293410D369107802DA71C20FAA3218C4088E77570907401AB0E8F5035FB39E5A8188423A784506D2204008BF8C40983F0A26A9F2C0119773B7BF468EFF903E8C1E705E0A6251DBFCAF9305F278412E91E3BC425DABBEEFEA60E4CD8D734C14BD7C054CD97B3B9214347E072E07CC181260DDE2B06266DBE7FEC3664AE15787C2F1B0B25BDA7CD5FA305E6ABB9670BD84C9991561F3493E42D06659BE653EF6919AF8C0233B5BB66CA4D456547282725176A90823CBB81804DDABC4F34AA950DBBCB8F836C95D342227CC14EB5D44C17CC06E13AD4E275DF309B65ADDC2DE18B512EB262B4FD42B8B6A49E1B183E318C8638E47415B772307AF2409BE4D8DA1FE21609800DDBBB27DC1405335439338525096AA7C510D64EE61751EA7DC3F6B6843F5E9810EAF471F900D62C02F9B96982CE817272428906553A8BA90C4A6501F58624356B59049B7B597ED3400C42E5B5088E1E967B745BA095C5DA1BD2B0DC34BE763B15C489F1A11A993E9E0E64B1647D6841959E8CD081A0989B5EA7E7B1B51F30600F616B9603FB06A13BE3792EDB96BFBD4FBA8E2A30CF1A885C1B64DA7D0F6ECD23146DB0555B76BEA8BC87F507FAB338456EC8C7644DA2ACFC7ABEF8B28F8B371AAB5F97A478F8B405714E61C6A48CE0ED803675AEE3FBA489371346D45411DF5F2479B00EF2E05D9A87F7C12AA7C52B9265614CE9FC6B10ED8B25B1BD23EBEBF8F33EDFED733A65B2BD8B9E586414B16ABAFECF17D298CF3FEF8A5F998F29D06186C5B3969FE39FF661B46EC7FD1E781C4401A20882AB9FF02C6899174F796E9E5A489FA8D68C0354A3AF8DDDFB4AB6BB8802CB3EC7B7C10371191B65D60F6413AC9EE8F787705D70AE0A8899103CDACF2FC3609306DBAC86D1B5A73F290FAFB78F7FFA7FAF211F6F885E0100, N'6.1.3-40302')
GO
